File,Frame,Density(g/cm³),sp2(%),sp3(%),sp3/sp2 Ratio,Crystallinity(%),Entropy Min,Entropy Max,Entropy Mean,Entropy Std,Normalized Std,Entropy_Output,Error
3dump.xyz,10,2.6122838730090256,86.95746527777779,12.883391203703704,0.14815739123201066,0.29658564814814814,-4.89455087474573,-0.530025214388732,-1.2882758416828044,0.3664683955543267,-0.2844642301726539,.\entropy.dat,
